participant_id,enroll_year,location_id,age_group,attend_rate,completed,outcome,cost_per_part
1,2020,1,19-21,89.1,yes,employed,2738
2,2020,1,19-21,88.1,yes,employed,2852
3,2020,1,16-18,80.2,yes,trade,2794
4,2020,1,16-18,82.4,yes,college,2796
5,2020,1,19-21,88.5,yes,college,2771
6,2020,1,19-21,72.9,yes,employed,2849
7,2020,1,19-21,91.8,yes,college,2848
8,2020,1,16-18,86.8,yes,college,2730
9,2020,1,16-18,88.6,yes,college,2761
10,2020,1,16-18,82.1,yes,college,2741
11,2020,1,16-18,84,yes,college,2776
12,2020,1,16-18,83.3,yes,college,2790
13,2020,1,19-21,76.9,yes,college,2816
14,2020,1,19-21,85.9,yes,college,2796
15,2020,1,16-18,83.8,yes,trade,2794
16,2020,1,16-18,78.5,yes,college,2751
17,2020,1,16-18,75,yes,employed,2820
18,2020,1,16-18,73.6,yes,college,2733
19,2020,1,16-18,80.6,yes,college,2734
20,2020,1,19-21,78.6,yes,trade,2807
21,2020,1,19-21,86.8,yes,trade,2798
22,2020,1,16-18,91.6,yes,trade,2871
23,2020,1,19-21,85.4,yes,college,2783
24,2020,1,19-21,88.3,yes,college,2768
25,2020,1,16-18,87.7,yes,college,2731
26,2020,1,16-18,88.5,yes,employed,2765
27,2020,1,16-18,85.2,yes,college,2773
28,2020,2,19-21,79.5,yes,trade,2755
29,2020,2,19-21,80.7,yes,college,2862
30,2020,2,19-21,79.8,yes,college,2867
31,2020,2,16-18,83,yes,college,2764
32,2020,2,16-18,75.7,yes,college,2826
33,2020,2,19-21,90.4,yes,college,2763
34,2020,2,19-21,87.2,yes,trade,2833
35,2020,2,16-18,91.1,yes,employed,2857
36,2020,2,16-18,82.8,yes,trade,2833
37,2020,2,16-18,76.6,yes,college,2860
38,2020,2,16-18,81.2,yes,college,2804
39,2020,2,16-18,73.7,yes,college,2737
40,2020,2,19-21,73.4,yes,college,2829
41,2020,2,16-18,82.5,yes,college,2772
42,2020,2,16-18,77.1,yes,employed,2729
43,2020,2,16-18,88.1,yes,college,2727
44,2020,2,19-21,87.3,yes,employed,2787
45,2020,2,19-21,80.3,yes,trade,2866
46,2020,2,16-18,81.7,yes,college,2844
47,2020,2,16-18,82.4,yes,trade,2837
48,2020,2,16-18,79.8,yes,employed,2860
49,2020,2,19-21,81.6,yes,college,2727
50,2020,2,16-18,84.2,yes,employed,2823
51,2020,2,19-21,77.1,yes,college,2873
52,2020,3,19-21,86.7,yes,college,2832
53,2020,3,19-21,76.4,yes,trade,2749
54,2020,3,16-18,82.4,yes,college,2867
55,2020,3,16-18,77.8,yes,college,2848
56,2020,3,16-18,75.7,yes,college,2856
57,2020,3,16-18,84.6,yes,employed,2835
58,2020,3,16-18,87.1,yes,college,2730
59,2020,3,19-21,82.6,yes,college,2795
60,2020,3,19-21,80.5,yes,college,2832
61,2020,3,16-18,88.4,yes,college,2770
62,2020,3,16-18,79.7,yes,employed,2821
63,2020,3,19-21,78.7,yes,employed,2735
64,2020,3,16-18,73.9,yes,college,2748
65,2020,3,16-18,73.2,yes,trade,2831
66,2020,3,19-21,75,yes,trade,2738
67,2020,3,16-18,72.5,yes,employed,2792
68,2020,3,16-18,83.2,yes,employed,2809
69,2020,3,19-21,81.6,yes,college,2855
70,2020,3,19-21,86.2,yes,college,2784
71,2020,3,16-18,77,yes,college,2872
72,2020,3,16-18,75.8,yes,employed,2812
73,2020,3,19-21,83.8,yes,college,2839
74,2020,3,19-21,75.8,yes,college,2863
75,2020,3,19-21,75.2,yes,employed,2816
76,2020,3,16-18,87.6,yes,trade,2817
77,2020,3,16-18,79.6,yes,trade,2845
78,2020,3,19-21,85.2,yes,college,2822
79,2020,3,19-21,88,yes,college,2748
80,2020,3,16-18,80.7,yes,college,2729
81,2020,3,16-18,77.1,yes,trade,2738
82,2020,4,19-21,75.1,yes,college,2730
83,2020,4,19-21,85.2,yes,college,2758
84,2020,4,19-21,82.4,yes,college,2829
85,2020,4,16-18,79.3,yes,trade,2809
86,2020,4,16-18,87.3,yes,college,2736
87,2020,4,19-21,72.7,yes,other,2871
88,2020,4,19-21,85.3,yes,trade,2850
89,2020,4,19-21,74,yes,trade,2760
90,2020,4,19-21,76.6,yes,college,2780
91,2020,4,16-18,86.2,yes,college,2761
92,2020,4,16-18,73.6,yes,other,2788
93,2020,4,16-18,80.8,yes,employed,2772
94,2020,4,19-21,74.2,yes,college,2736
95,2020,4,19-21,86,yes,college,2774
96,2020,4,16-18,80,yes,employed,2729
97,2020,4,16-18,89.4,yes,employed,2841
98,2020,4,16-18,86.8,yes,college,2831
99,2020,4,19-21,83,yes,trade,2726
100,2020,4,16-18,83.7,yes,trade,2736
101,2020,4,16-18,76.6,yes,college,2855
102,2020,4,16-18,84,yes,college,2782
103,2020,5,16-18,78.9,yes,college,2768
104,2020,5,16-18,83.8,yes,college,2727
105,2020,5,16-18,72.5,yes,college,2781
106,2020,5,16-18,88.2,yes,trade,2797
107,2020,5,16-18,75,yes,college,2748
108,2020,5,19-21,73.3,yes,college,2831
109,2020,5,19-21,79.7,yes,trade,2870
110,2020,5,16-18,87.1,yes,college,2744
111,2020,5,16-18,91,yes,college,2792
112,2020,5,19-21,86.6,yes,college,2740
113,2020,5,16-18,76.6,yes,college,2807
114,2020,5,19-21,77.8,yes,college,2807
115,2020,5,19-21,83,yes,college,2826
116,2020,5,16-18,81.1,yes,college,2794
117,2020,5,16-18,82.1,yes,college,2781
118,2020,5,16-18,86.2,yes,college,2741
119,2020,5,19-21,73.5,yes,college,2852
120,2020,5,16-18,76.4,yes,trade,2803
121,2021,1,19-21,87.9,yes,college,2741
122,2021,1,16-18,74.8,yes,college,2650
123,2021,1,16-18,76.9,yes,college,2681
124,2021,1,19-21,91.4,yes,employed,2753
125,2021,1,16-18,83.8,yes,trade,2656
126,2021,1,19-21,81,yes,college,2727
127,2021,1,16-18,74,yes,trade,2644
128,2021,1,16-18,88.4,yes,college,2699
129,2021,1,16-18,76.7,yes,employed,2610
130,2021,1,16-18,80.5,yes,trade,2617
131,2021,1,19-21,78.5,yes,trade,2624
132,2021,1,19-21,80.1,yes,employed,2727
133,2021,1,19-21,72.7,yes,college,2715
134,2021,1,19-21,88.8,yes,trade,2735
135,2021,1,16-18,89.1,yes,college,2735
136,2021,1,16-18,87,yes,college,2724
137,2021,1,19-21,78.1,yes,employed,2745
138,2021,1,16-18,91.8,yes,college,2686
139,2021,1,19-21,72.8,yes,trade,2681
140,2021,1,16-18,74.9,yes,college,2674
141,2021,1,16-18,90.6,yes,college,2609
142,2021,1,19-21,89,yes,trade,2651
143,2021,1,16-18,90.7,yes,employed,2664
144,2021,1,16-18,74.3,yes,college,2631
145,2021,1,16-18,79.2,yes,college,2653
146,2021,1,19-21,72.5,yes,other,2729
147,2021,1,16-18,88.5,yes,trade,2612
148,2021,1,16-18,84.2,yes,college,2647
149,2021,1,16-18,72.3,yes,college,2640
150,2021,1,19-21,91.2,yes,trade,2752
151,2021,1,16-18,76.8,yes,college,2650
152,2021,1,16-18,90.3,yes,college,2714
153,2021,1,16-18,74.4,yes,college,2692
154,2021,2,19-21,74.1,yes,college,2713
155,2021,2,19-21,82.3,yes,employed,2608
156,2021,2,16-18,84.7,yes,college,2697
157,2021,2,19-21,90,yes,employed,2693
158,2021,2,16-18,90.3,yes,college,2694
159,2021,2,16-18,85.4,yes,college,2687
160,2021,2,19-21,73.8,yes,trade,2631
161,2021,2,19-21,86.8,yes,trade,2645
162,2021,2,16-18,72.6,yes,employed,2691
163,2021,2,19-21,91,yes,employed,2693
164,2021,2,19-21,80.9,yes,college,2729
165,2021,2,16-18,80.3,yes,employed,2611
166,2021,2,16-18,85.9,yes,college,2701
167,2021,2,16-18,87.1,yes,trade,2736
168,2021,2,19-21,90.1,yes,college,2649
169,2021,2,16-18,90.3,yes,employed,2670
170,2021,2,16-18,75.6,yes,employed,2652
171,2021,2,16-18,76.6,yes,trade,2716
172,2021,2,16-18,87.6,yes,college,2629
173,2021,2,16-18,80.7,yes,employed,2712
174,2021,2,19-21,90.9,yes,college,2645
175,2021,2,19-21,89.6,yes,college,2713
176,2021,2,19-21,87.6,yes,college,2635
177,2021,2,19-21,88.5,yes,college,2678
178,2021,2,19-21,85.8,yes,employed,2679
179,2021,2,19-21,74.9,yes,college,2623
180,2021,2,16-18,91.5,yes,college,2641
181,2021,2,16-18,79.4,yes,college,2687
182,2021,2,16-18,86.7,yes,college,2716
183,2021,3,16-18,82.7,yes,employed,2699
184,2021,3,16-18,91.9,yes,employed,2623
185,2021,3,16-18,80.3,yes,college,2646
186,2021,3,16-18,85.7,yes,college,2636
187,2021,3,16-18,73.3,yes,other,2672
188,2021,3,16-18,86.2,yes,employed,2660
189,2021,3,16-18,89.1,yes,college,2644
190,2021,3,16-18,78,yes,employed,2715
191,2021,3,16-18,78.6,yes,college,2685
192,2021,3,16-18,73.7,yes,college,2699
193,2021,3,19-21,89.3,yes,trade,2687
194,2021,3,16-18,87.6,yes,college,2633
195,2021,3,19-21,81.8,yes,employed,2692
196,2021,3,16-18,89.1,yes,college,2616
197,2021,3,19-21,82.2,yes,college,2653
198,2021,3,16-18,88.2,yes,college,2638
199,2021,3,16-18,90.6,yes,employed,2709
200,2021,3,16-18,78.9,yes,trade,2631
201,2021,3,19-21,81.8,yes,college,2667
202,2021,3,16-18,72.6,yes,other,2639
203,2021,3,19-21,72.7,yes,trade,2703
204,2021,3,16-18,86.1,yes,employed,2713
205,2021,3,19-21,75.1,yes,college,2625
206,2021,3,16-18,88.3,yes,trade,2720
207,2021,3,19-21,87.9,yes,college,2727
208,2021,3,19-21,90.2,yes,college,2730
209,2021,3,16-18,89.3,yes,trade,2660
210,2021,3,19-21,79.5,yes,college,2725
211,2021,3,16-18,88.1,yes,trade,2659
212,2021,3,16-18,74.3,yes,college,2659
213,2021,3,19-21,78.6,yes,employed,2678
214,2021,3,16-18,84.4,yes,college,2663
215,2021,3,16-18,77.3,yes,trade,2728
216,2021,3,16-18,80.2,yes,college,2710
217,2021,3,19-21,80.4,yes,employed,2711
218,2021,3,19-21,74,yes,college,2701
219,2021,4,19-21,86.8,yes,college,2617
220,2021,4,16-18,82.1,yes,employed,2620
221,2021,4,19-21,77.8,yes,trade,2723
222,2021,4,16-18,85,yes,college,2708
223,2021,4,16-18,77,yes,college,2701
224,2021,4,16-18,72.5,yes,college,2677
225,2021,4,16-18,91.7,yes,college,2666
226,2021,4,19-21,85.1,yes,trade,2689
227,2021,4,16-18,90.7,yes,college,2665
228,2021,4,19-21,91.8,yes,college,2674
229,2021,4,16-18,86.3,yes,college,2614
230,2021,4,16-18,82.4,yes,college,2752
231,2021,4,19-21,72.7,yes,employed,2666
232,2021,4,16-18,91,yes,college,2637
233,2021,4,16-18,78,yes,trade,2752
234,2021,4,19-21,79.2,yes,college,2746
235,2021,4,16-18,81.6,yes,college,2662
236,2021,4,19-21,83.1,yes,trade,2631
237,2021,4,19-21,73.8,yes,trade,2708
238,2021,4,19-21,79.4,yes,college,2713
239,2021,4,16-18,76,yes,employed,2663
240,2021,4,16-18,75.4,yes,college,2749
241,2021,4,19-21,81.1,yes,trade,2732
242,2021,4,19-21,74.5,yes,employed,2653
243,2021,4,19-21,87.1,yes,college,2699
244,2021,5,16-18,74.6,yes,employed,2663
245,2021,5,19-21,73.1,yes,college,2710
246,2021,5,16-18,82.3,yes,trade,2695
247,2021,5,16-18,85.1,yes,college,2655
248,2021,5,19-21,74.3,yes,employed,2659
249,2021,5,16-18,77.5,yes,college,2709
250,2021,5,16-18,85,yes,college,2620
251,2021,5,19-21,84.6,yes,college,2650
252,2021,5,19-21,82.9,yes,trade,2723
253,2021,5,19-21,82.9,yes,college,2655
254,2021,5,16-18,84,yes,college,2619
255,2021,5,16-18,89.8,yes,college,2628
256,2021,5,16-18,90.6,yes,trade,2712
257,2021,5,19-21,81.2,yes,college,2730
258,2021,5,16-18,76.7,yes,college,2680
259,2021,5,19-21,81.7,yes,college,2694
260,2021,5,16-18,74.7,yes,college,2693
261,2021,5,16-18,84.8,yes,trade,2755
262,2021,5,19-21,75.3,yes,trade,2632
263,2021,5,19-21,72.4,yes,college,2698
264,2021,5,19-21,88,yes,college,2726
265,2021,5,16-18,90.7,yes,college,2669
266,2022,1,19-21,83.9,yes,college,2592
267,2022,1,16-18,72.4,yes,other,2622
268,2022,1,19-21,72.5,yes,college,2625
269,2022,1,19-21,75.8,yes,college,2557
270,2022,1,16-18,85.2,yes,employed,2570
271,2022,1,19-21,84.9,yes,college,2536
272,2022,1,16-18,82.6,yes,trade,2581
273,2022,1,16-18,81.1,yes,college,2633
274,2022,1,16-18,82.4,yes,trade,2563
275,2022,1,16-18,79.3,yes,college,2604
276,2022,1,19-21,74.6,yes,college,2604
277,2022,1,16-18,90,yes,college,2500
278,2022,1,16-18,85.7,yes,college,2522
279,2022,1,16-18,82.7,yes,college,2487
280,2022,1,19-21,91,yes,college,2593
281,2022,1,16-18,86.4,yes,college,2565
282,2022,1,16-18,76.5,yes,college,2550
283,2022,1,19-21,83.1,yes,college,2525
284,2022,1,19-21,73.7,yes,college,2509
285,2022,1,19-21,86.5,yes,employed,2560
286,2022,1,19-21,83.7,yes,college,2550
287,2022,1,16-18,91.8,yes,college,2545
288,2022,1,16-18,84.7,yes,employed,2498
289,2022,1,19-21,80.4,yes,college,2586
290,2022,1,19-21,77.3,yes,college,2561
291,2022,1,16-18,73.3,yes,employed,2501
292,2022,1,19-21,80.1,yes,college,2491
293,2022,1,16-18,85.8,yes,college,2498
294,2022,1,19-21,83.3,yes,employed,2531
295,2022,1,19-21,76.4,yes,employed,2530
296,2022,1,16-18,79.9,yes,college,2579
297,2022,1,19-21,84.5,yes,college,2631
298,2022,1,19-21,86.2,yes,college,2488
299,2022,1,19-21,75.7,yes,college,2550
300,2022,1,16-18,78.1,yes,college,2630
301,2022,1,19-21,79.1,yes,college,2487
302,2022,1,16-18,74.4,yes,college,2611
303,2022,2,16-18,90.6,yes,college,2582
304,2022,2,16-18,72.9,yes,college,2535
305,2022,2,16-18,91.4,yes,employed,2577
306,2022,2,16-18,83.8,yes,college,2589
307,2022,2,19-21,82.1,yes,college,2627
308,2022,2,16-18,75.5,yes,trade,2528
309,2022,2,16-18,81.8,yes,college,2569
310,2022,2,16-18,74.8,yes,other,2590
311,2022,2,19-21,90.8,yes,college,2633
312,2022,2,16-18,74.6,yes,other,2613
313,2022,2,19-21,83,yes,college,2578
314,2022,2,19-21,77.8,yes,college,2511
315,2022,2,19-21,81.2,yes,college,2524
316,2022,2,16-18,86.4,yes,college,2576
317,2022,2,19-21,80.5,yes,trade,2539
318,2022,2,19-21,82.1,yes,college,2543
319,2022,2,19-21,86.9,yes,trade,2519
320,2022,2,19-21,77.6,yes,college,2503
321,2022,2,16-18,85.9,yes,employed,2540
322,2022,2,16-18,82.9,yes,college,2610
323,2022,2,19-21,90.6,yes,trade,2605
324,2022,2,16-18,77.3,yes,trade,2568
325,2022,2,16-18,84.9,yes,employed,2595
326,2022,2,19-21,83.9,yes,college,2555
327,2022,2,16-18,77.9,yes,employed,2567
328,2022,2,19-21,78,yes,trade,2547
329,2022,2,19-21,74.3,yes,employed,2532
330,2022,2,19-21,82,yes,trade,2504
331,2022,2,16-18,81,yes,college,2578
332,2022,2,16-18,75.9,yes,college,2606
333,2022,2,16-18,79.7,yes,college,2624
334,2022,2,16-18,83.3,yes,college,2510
335,2022,2,16-18,72.6,yes,college,2614
336,2022,3,16-18,82.1,yes,college,2617
337,2022,3,16-18,91.1,yes,college,2555
338,2022,3,16-18,81,yes,college,2548
339,2022,3,16-18,74.2,yes,trade,2517
340,2022,3,16-18,75.6,yes,trade,2586
341,2022,3,19-21,86.7,yes,college,2509
342,2022,3,19-21,85,yes,college,2548
343,2022,3,19-21,75.7,yes,college,2573
344,2022,3,16-18,88.8,yes,trade,2516
345,2022,3,16-18,87.8,yes,trade,2515
346,2022,3,19-21,76.4,yes,college,2572
347,2022,3,19-21,78.6,yes,college,2549
348,2022,3,19-21,77.2,yes,college,2601
349,2022,3,16-18,82.6,yes,employed,2625
350,2022,3,19-21,84.3,yes,trade,2580
351,2022,3,19-21,83.6,yes,college,2586
352,2022,3,16-18,83.6,yes,college,2541
353,2022,3,16-18,85.8,yes,college,2599
354,2022,3,16-18,80.4,yes,trade,2618
355,2022,3,16-18,90,yes,employed,2494
356,2022,3,16-18,75.9,yes,college,2632
357,2022,3,16-18,72.7,yes,college,2617
358,2022,3,16-18,86.7,yes,college,2605
359,2022,3,16-18,77.7,yes,college,2512
360,2022,3,19-21,75.8,yes,college,2633
361,2022,3,19-21,79.7,yes,college,2608
362,2022,3,19-21,83,yes,college,2501
363,2022,3,16-18,79.6,yes,college,2503
364,2022,3,19-21,84,yes,college,2538
365,2022,3,16-18,76.6,yes,college,2578
366,2022,3,16-18,87.3,yes,employed,2560
367,2022,3,16-18,85.1,yes,college,2617
368,2022,3,16-18,89.3,yes,college,2552
369,2022,3,16-18,90.2,yes,college,2595
370,2022,3,16-18,81.8,yes,employed,2530
371,2022,3,16-18,87.8,yes,employed,2619
372,2022,3,16-18,84.6,yes,employed,2507
373,2022,3,19-21,88.4,yes,college,2560
374,2022,3,19-21,86.4,yes,trade,2628
375,2022,3,16-18,83.8,yes,college,2566
376,2022,3,19-21,91.7,yes,college,2628
377,2022,4,16-18,74,yes,college,2522
378,2022,4,16-18,77.5,yes,college,2574
379,2022,4,19-21,83.3,yes,college,2606
380,2022,4,16-18,76.8,yes,college,2548
381,2022,4,19-21,76.8,yes,college,2503
382,2022,4,16-18,80.3,yes,college,2633
383,2022,4,19-21,81.4,yes,trade,2499
384,2022,4,16-18,88.2,yes,college,2511
385,2022,4,16-18,82.9,yes,employed,2562
386,2022,4,19-21,84,yes,college,2558
387,2022,4,16-18,77,yes,college,2597
388,2022,4,16-18,83.4,yes,college,2538
389,2022,4,19-21,82.9,yes,trade,2518
390,2022,4,16-18,85,yes,employed,2535
391,2022,4,16-18,84.7,yes,college,2516
392,2022,4,16-18,87.1,yes,college,2605
393,2022,4,16-18,80.4,yes,college,2524
394,2022,4,16-18,86.2,yes,trade,2520
395,2022,4,19-21,87.9,yes,college,2623
396,2022,4,16-18,80,yes,college,2536
397,2022,4,16-18,80.5,yes,college,2500
398,2022,4,16-18,81.7,yes,trade,2499
399,2022,4,19-21,84.5,yes,employed,2601
400,2022,4,16-18,79.8,yes,college,2592
401,2022,4,16-18,77.4,yes,college,2565
402,2022,4,16-18,74.9,yes,other,2598
403,2022,4,16-18,72.2,yes,trade,2608
404,2022,4,16-18,83.9,yes,college,2486
405,2022,4,16-18,78.3,yes,college,2496
406,2022,5,16-18,77.9,yes,college,2517
407,2022,5,19-21,80.9,yes,employed,2490
408,2022,5,16-18,72.2,yes,trade,2524
409,2022,5,16-18,80.4,yes,college,2490
410,2022,5,16-18,83.4,yes,trade,2585
411,2022,5,19-21,78.8,yes,college,2550
412,2022,5,16-18,76.6,yes,college,2617
413,2022,5,19-21,85.7,yes,college,2558
414,2022,5,16-18,74.5,yes,other,2622
415,2022,5,16-18,86.2,yes,college,2607
416,2022,5,16-18,90.2,yes,college,2550
417,2022,5,19-21,90.8,yes,employed,2546
418,2022,5,19-21,91.6,yes,college,2487
419,2022,5,16-18,83.6,yes,college,2572
420,2022,5,19-21,85.5,yes,trade,2572
421,2022,5,16-18,84.5,yes,trade,2511
422,2022,5,19-21,80.3,yes,college,2530
423,2022,5,16-18,78.1,yes,college,2594
424,2022,5,16-18,75.2,yes,college,2566
425,2022,5,19-21,84.9,yes,employed,2527
426,2022,5,19-21,87.4,yes,trade,2574
427,2022,5,19-21,79.3,yes,trade,2578
428,2022,5,16-18,76.7,yes,trade,2612
429,2022,5,16-18,84.8,yes,employed,2571
430,2022,5,19-21,89.5,yes,trade,2510
431,2023,1,16-18,89.2,yes,employed,2414
432,2023,1,16-18,73.2,yes,other,2382
433,2023,1,16-18,84.1,yes,college,2415
434,2023,1,16-18,85.1,yes,trade,2463
435,2023,1,19-21,82.2,yes,college,2394
436,2023,1,16-18,85.9,yes,college,2466
437,2023,1,16-18,85.1,yes,trade,2487
438,2023,1,16-18,84.6,yes,trade,2454
439,2023,1,19-21,81.4,yes,college,2479
440,2023,1,16-18,84.4,yes,trade,2490
441,2023,1,16-18,72.4,yes,trade,2505
442,2023,1,19-21,82.4,yes,trade,2370
443,2023,1,16-18,83.5,yes,college,2394
444,2023,1,16-18,91.7,yes,college,2408
445,2023,1,19-21,80.6,yes,college,2417
446,2023,1,16-18,82.5,yes,college,2370
447,2023,1,16-18,75.1,yes,employed,2505
448,2023,1,16-18,72.6,yes,employed,2444
449,2023,1,19-21,80.8,yes,college,2504
450,2023,1,16-18,80.7,yes,trade,2386
451,2023,1,16-18,85.9,yes,college,2465
452,2023,1,19-21,85,yes,employed,2371
453,2023,1,16-18,84.7,yes,college,2456
454,2023,1,16-18,91.2,yes,trade,2479
455,2023,1,19-21,76.2,yes,college,2387
456,2023,1,16-18,72.3,yes,college,2487
457,2023,1,16-18,89.9,yes,college,2508
458,2023,1,19-21,75.1,yes,employed,2433
459,2023,1,16-18,83.3,yes,college,2411
460,2023,1,16-18,81.4,yes,employed,2395
461,2023,1,19-21,77.3,yes,college,2417
462,2023,1,16-18,87.1,yes,college,2442
463,2023,1,16-18,83.4,yes,college,2456
464,2023,1,19-21,82.2,yes,college,2419
465,2023,1,19-21,83.5,yes,trade,2513
466,2023,1,19-21,75.4,yes,college,2387
467,2023,1,16-18,72.4,yes,college,2464
468,2023,1,19-21,88.9,yes,trade,2497
469,2023,1,19-21,75.1,yes,college,2415
470,2023,1,19-21,82.2,yes,college,2384
471,2023,1,16-18,79.2,yes,trade,2371
472,2023,1,16-18,76.7,yes,trade,2444
473,2023,2,16-18,86.6,yes,college,2429
474,2023,2,19-21,87.6,yes,college,2417
475,2023,2,16-18,76.3,yes,college,2470
476,2023,2,16-18,89.3,yes,college,2513
477,2023,2,16-18,74.8,yes,trade,2443
478,2023,2,16-18,84.5,yes,college,2506
479,2023,2,19-21,80.1,yes,employed,2501
480,2023,2,16-18,79.3,yes,trade,2374
481,2023,2,16-18,86.4,yes,college,2475
482,2023,2,19-21,72.1,yes,college,2480
483,2023,2,16-18,80,yes,employed,2399
484,2023,2,19-21,88.5,yes,college,2472
485,2023,2,16-18,82.9,yes,college,2415
486,2023,2,16-18,74.6,yes,employed,2467
487,2023,2,16-18,80.5,yes,employed,2431
488,2023,2,16-18,91.8,yes,college,2447
489,2023,2,16-18,84.7,yes,employed,2424
490,2023,2,19-21,79.2,yes,college,2380
491,2023,2,16-18,91.8,yes,employed,2505
492,2023,2,16-18,85,yes,college,2388
493,2023,2,16-18,89.6,yes,college,2513
494,2023,2,19-21,85.6,yes,college,2451
495,2023,2,16-18,85.9,yes,trade,2451
496,2023,2,16-18,72.4,yes,college,2508
497,2023,2,16-18,82.6,yes,trade,2425
498,2023,2,16-18,87.4,yes,employed,2397
499,2023,2,16-18,78.9,yes,college,2385
500,2023,2,16-18,74.3,yes,college,2455
501,2023,2,19-21,77.1,yes,college,2446
502,2023,2,16-18,73.8,yes,employed,2496
503,2023,2,16-18,87.2,yes,college,2494
504,2023,2,16-18,77.4,yes,college,2468
505,2023,2,19-21,80.3,yes,college,2454
506,2023,2,16-18,80.1,yes,college,2449
507,2023,2,16-18,88.4,yes,trade,2410
508,2023,2,16-18,88.6,yes,college,2389
509,2023,2,19-21,88.5,yes,college,2366
510,2023,3,16-18,84.4,yes,college,2439
511,2023,3,19-21,76.7,yes,college,2500
512,2023,3,16-18,73.3,yes,college,2475
513,2023,3,16-18,87.3,yes,trade,2386
514,2023,3,16-18,83.4,yes,college,2441
515,2023,3,19-21,73.7,yes,college,2425
516,2023,3,16-18,76.5,yes,college,2375
517,2023,3,19-21,72.7,yes,college,2436
518,2023,3,16-18,78.7,yes,trade,2365
519,2023,3,19-21,80.4,yes,college,2514
520,2023,3,16-18,88.3,yes,employed,2497
521,2023,3,19-21,87,yes,college,2379
522,2023,3,16-18,83.2,yes,college,2468
523,2023,3,19-21,86.2,yes,college,2458
524,2023,3,16-18,80.7,yes,trade,2444
525,2023,3,19-21,79.8,yes,college,2470
526,2023,3,19-21,77.1,yes,employed,2440
527,2023,3,19-21,78.8,yes,college,2367
528,2023,3,19-21,85.6,yes,college,2508
529,2023,3,19-21,85.9,yes,employed,2475
530,2023,3,16-18,91.2,yes,employed,2478
531,2023,3,19-21,81.7,yes,college,2385
532,2023,3,16-18,84.3,yes,trade,2396
533,2023,3,16-18,87.9,yes,college,2462
534,2023,3,16-18,85,yes,college,2454
535,2023,3,16-18,85.2,yes,trade,2510
536,2023,3,16-18,72.9,yes,trade,2383
537,2023,3,19-21,82.9,yes,college,2471
538,2023,3,19-21,90.9,yes,college,2443
539,2023,3,16-18,85.3,yes,employed,2492
540,2023,3,16-18,87.3,yes,college,2493
541,2023,3,16-18,84.7,yes,college,2488
542,2023,3,16-18,84.5,yes,college,2464
543,2023,3,16-18,87.1,yes,college,2409
544,2023,3,16-18,87.8,yes,trade,2387
545,2023,3,16-18,85,yes,college,2376
546,2023,3,16-18,77.9,yes,employed,2429
547,2023,3,19-21,73.7,yes,trade,2371
548,2023,3,16-18,87.2,yes,employed,2376
549,2023,3,19-21,73.4,yes,college,2493
550,2023,3,19-21,73.3,yes,employed,2511
551,2023,3,19-21,83.9,yes,college,2477
552,2023,3,19-21,88.9,yes,college,2483
553,2023,3,16-18,80.8,yes,college,2390
554,2023,3,19-21,85.9,yes,college,2368
555,2023,3,16-18,91.2,yes,college,2439
556,2023,4,16-18,86.8,yes,college,2503
557,2023,4,19-21,83.4,yes,college,2420
558,2023,4,16-18,72.7,yes,employed,2480
559,2023,4,19-21,75.9,yes,college,2451
560,2023,4,19-21,87.7,yes,trade,2497
561,2023,4,16-18,81.9,yes,college,2375
562,2023,4,19-21,75.4,yes,college,2371
563,2023,4,16-18,76.8,yes,college,2463
564,2023,4,16-18,89.8,yes,college,2439
565,2023,4,16-18,85.5,yes,college,2398
566,2023,4,19-21,78.6,yes,trade,2446
567,2023,4,19-21,90.6,yes,college,2452
568,2023,4,19-21,78.2,yes,college,2469
569,2023,4,19-21,75.5,yes,college,2383
570,2023,4,16-18,83.8,yes,employed,2419
571,2023,4,16-18,81.7,yes,college,2380
572,2023,4,19-21,89.5,yes,college,2409
573,2023,4,16-18,86.1,yes,trade,2476
574,2023,4,19-21,75.1,yes,college,2484
575,2023,4,19-21,87.4,yes,college,2406
576,2023,4,19-21,74.7,yes,trade,2448
577,2023,4,16-18,89.3,yes,college,2402
578,2023,4,16-18,89.9,yes,college,2440
579,2023,4,16-18,79.3,yes,college,2454
580,2023,4,19-21,83.9,yes,employed,2389
581,2023,4,16-18,82,yes,trade,2438
582,2023,4,19-21,72.1,yes,college,2369
583,2023,4,16-18,86.1,yes,trade,2448
584,2023,4,16-18,81.9,yes,college,2487
585,2023,4,19-21,74.4,yes,trade,2497
586,2023,4,16-18,89.8,yes,college,2494
587,2023,4,16-18,92,yes,trade,2454
588,2023,5,16-18,82.5,yes,trade,2477
589,2023,5,19-21,85.7,yes,college,2510
590,2023,5,16-18,72.9,yes,college,2366
591,2023,5,19-21,84.1,yes,employed,2382
592,2023,5,19-21,80,yes,college,2477
593,2023,5,16-18,73.2,yes,trade,2386
594,2023,5,16-18,87.5,yes,college,2469
595,2023,5,16-18,81.3,yes,college,2372
596,2023,5,16-18,75,yes,college,2499
597,2023,5,19-21,75.5,yes,employed,2448
598,2023,5,16-18,83.6,yes,trade,2383
599,2023,5,19-21,77.9,yes,college,2474
600,2023,5,16-18,76.4,yes,college,2449
601,2023,5,16-18,72.8,yes,college,2403
602,2023,5,16-18,89.2,yes,college,2474
603,2023,5,16-18,80.6,yes,college,2412
604,2023,5,16-18,84,yes,college,2491
605,2023,5,19-21,75.3,yes,college,2404
606,2023,5,16-18,87.5,yes,employed,2499
607,2023,5,19-21,75.9,yes,college,2476
608,2023,5,16-18,73.3,yes,college,2512
609,2023,5,16-18,89.3,yes,college,2388
610,2023,5,19-21,78.2,yes,college,2476
611,2023,5,19-21,79.9,yes,trade,2514
612,2023,5,16-18,78.2,yes,trade,2500
613,2023,5,16-18,76.4,yes,employed,2446
614,2023,5,16-18,72.5,yes,trade,2372
615,2023,5,16-18,89.2,yes,employed,2511
616,2024,1,16-18,83.7,yes,college,2321
617,2024,1,16-18,84.1,yes,college,2334
618,2024,1,16-18,90.4,yes,trade,2314
619,2024,1,19-21,87.4,yes,college,2252
620,2024,1,16-18,82.4,yes,college,2280
621,2024,1,16-18,84.2,yes,trade,2355
622,2024,1,16-18,86.8,yes,college,2383
623,2024,1,16-18,90,yes,employed,2363
624,2024,1,16-18,81.9,yes,college,2259
625,2024,1,16-18,80.1,yes,trade,2329
626,2024,1,16-18,76.3,yes,college,2337
627,2024,1,19-21,73.1,yes,college,2262
628,2024,1,16-18,87.5,yes,trade,2247
629,2024,1,16-18,89,yes,college,2345
630,2024,1,16-18,84.2,yes,trade,2278
631,2024,1,16-18,88.3,yes,college,2347
632,2024,1,16-18,91.5,yes,college,2326
633,2024,1,16-18,92,yes,college,2351
634,2024,1,19-21,82.6,yes,college,2381
635,2024,1,19-21,89.9,yes,college,2392
636,2024,1,16-18,89.1,yes,trade,2296
637,2024,1,16-18,72.2,yes,trade,2324
638,2024,1,19-21,81,yes,trade,2392
639,2024,1,19-21,78.2,yes,trade,2367
640,2024,1,19-21,80.2,yes,trade,2381
641,2024,1,16-18,73.7,yes,employed,2307
642,2024,1,16-18,73.4,yes,other,2366
643,2024,1,16-18,72.6,yes,employed,2347
644,2024,1,19-21,87.1,yes,college,2323
645,2024,1,16-18,72.8,yes,college,2389
646,2024,1,16-18,90.1,yes,employed,2272
647,2024,1,19-21,81.9,yes,college,2393
648,2024,1,16-18,73.5,yes,trade,2312
649,2024,1,16-18,79.6,yes,college,2306
650,2024,1,19-21,89.6,yes,employed,2275
651,2024,1,19-21,77.7,yes,college,2322
652,2024,1,19-21,84.3,yes,college,2366
653,2024,1,16-18,75.6,yes,college,2348
654,2024,1,16-18,73.2,yes,trade,2351
655,2024,1,16-18,76.8,yes,college,2338
656,2024,1,16-18,82,yes,college,2322
657,2024,1,19-21,91.3,yes,college,2317
658,2024,1,19-21,81.5,yes,college,2384
659,2024,1,16-18,78.3,yes,college,2379
660,2024,1,19-21,90.9,yes,college,2297
661,2024,2,16-18,90.4,yes,trade,2391
662,2024,2,16-18,80.5,yes,college,2256
663,2024,2,19-21,76.4,yes,college,2375
664,2024,2,19-21,75.2,yes,employed,2296
665,2024,2,19-21,85.5,yes,employed,2290
666,2024,2,19-21,85.9,yes,college,2302
667,2024,2,19-21,87.9,yes,college,2263
668,2024,2,19-21,89.7,yes,employed,2286
669,2024,2,19-21,73.8,yes,trade,2272
670,2024,2,16-18,74.9,yes,college,2385
671,2024,2,19-21,74.9,yes,college,2340
672,2024,2,16-18,80.2,yes,trade,2330
673,2024,2,19-21,85.1,yes,college,2321
674,2024,2,19-21,76.9,yes,college,2275
675,2024,2,16-18,72.5,yes,college,2282
676,2024,2,16-18,89.2,yes,trade,2348
677,2024,2,16-18,72.1,yes,college,2274
678,2024,2,16-18,83.1,yes,college,2309
679,2024,2,19-21,81.1,yes,college,2333
680,2024,2,19-21,75,yes,other,2316
681,2024,2,16-18,80.1,yes,employed,2359
682,2024,2,16-18,90,yes,employed,2262
683,2024,2,19-21,85,yes,employed,2316
684,2024,2,19-21,84.3,yes,college,2337
685,2024,2,19-21,87,yes,employed,2372
686,2024,2,19-21,87.5,yes,college,2356
687,2024,2,19-21,77.6,yes,college,2300
688,2024,2,16-18,85.5,yes,college,2365
689,2024,2,16-18,78.5,yes,college,2371
690,2024,2,16-18,86.3,yes,trade,2376
691,2024,2,19-21,83.4,yes,college,2345
692,2024,2,19-21,88.1,yes,college,2275
693,2024,2,16-18,80.2,yes,college,2334
694,2024,2,19-21,85.7,yes,employed,2278
695,2024,2,19-21,84.8,yes,college,2362
696,2024,2,19-21,78,yes,college,2248
697,2024,2,16-18,77.4,yes,employed,2358
698,2024,2,19-21,72.7,yes,employed,2327
699,2024,2,16-18,72.3,yes,trade,2374
700,2024,2,19-21,82.4,yes,college,2344
701,2024,3,19-21,81,yes,trade,2271
702,2024,3,19-21,74.1,yes,college,2329
703,2024,3,16-18,76.4,yes,college,2266
704,2024,3,16-18,82.2,yes,college,2278
705,2024,3,19-21,77.4,yes,trade,2261
706,2024,3,16-18,90.4,yes,college,2271
707,2024,3,16-18,82.8,yes,college,2364
708,2024,3,16-18,91.8,yes,college,2280
709,2024,3,19-21,72,yes,college,2263
710,2024,3,16-18,82.2,yes,employed,2278
711,2024,3,16-18,88.4,yes,trade,2380
712,2024,3,16-18,89.5,yes,college,2349
713,2024,3,19-21,81.5,yes,employed,2296
714,2024,3,16-18,73.9,yes,college,2314
715,2024,3,16-18,72.7,yes,college,2390
716,2024,3,19-21,81.6,yes,trade,2288
717,2024,3,16-18,73.4,yes,trade,2273
718,2024,3,19-21,81,yes,employed,2246
719,2024,3,16-18,91.3,yes,college,2286
720,2024,3,16-18,77.2,yes,college,2272
721,2024,3,19-21,78.7,yes,trade,2302
722,2024,3,16-18,78,yes,employed,2389
723,2024,3,19-21,82.3,yes,college,2346
724,2024,3,16-18,90.9,yes,college,2382
725,2024,3,19-21,86.4,yes,trade,2381
726,2024,3,16-18,91.6,yes,trade,2295
727,2024,3,16-18,87.1,yes,college,2271
728,2024,3,16-18,83.1,yes,college,2380
729,2024,3,19-21,89.3,yes,trade,2266
730,2024,3,16-18,73.6,yes,college,2255
731,2024,3,16-18,90.7,yes,employed,2296
732,2024,3,16-18,81,yes,college,2278
733,2024,3,19-21,79.1,yes,college,2375
734,2024,3,16-18,81.7,yes,college,2257
735,2024,3,16-18,76.6,yes,college,2341
736,2024,3,16-18,87.2,yes,college,2364
737,2024,3,16-18,78.1,yes,college,2359
738,2024,3,16-18,83.8,yes,trade,2286
739,2024,3,19-21,80.8,yes,college,2367
740,2024,3,19-21,88.8,yes,college,2301
741,2024,3,16-18,76.6,yes,college,2314
742,2024,3,16-18,80.6,yes,trade,2375
743,2024,3,16-18,78.8,yes,employed,2371
744,2024,3,16-18,78,yes,college,2291
745,2024,3,19-21,86.1,yes,college,2303
746,2024,3,16-18,77.5,yes,college,2364
747,2024,3,19-21,91.8,yes,college,2301
748,2024,3,19-21,88.6,yes,college,2385
749,2024,3,16-18,77.3,yes,college,2324
750,2024,3,19-21,77,yes,college,2386
751,2024,4,16-18,79.7,yes,trade,2330
752,2024,4,16-18,90.9,yes,college,2304
753,2024,4,16-18,81.5,yes,college,2323
754,2024,4,16-18,87.7,yes,college,2250
755,2024,4,16-18,76.8,yes,college,2379
756,2024,4,16-18,90.9,yes,college,2306
757,2024,4,16-18,77.8,yes,employed,2317
758,2024,4,19-21,72.5,yes,college,2276
759,2024,4,19-21,91.2,yes,college,2349
760,2024,4,16-18,89.7,yes,trade,2334
761,2024,4,16-18,82.1,yes,trade,2367
762,2024,4,16-18,77.7,yes,college,2297
763,2024,4,19-21,83.2,yes,college,2289
764,2024,4,16-18,85.1,yes,college,2286
765,2024,4,19-21,84.3,yes,trade,2270
766,2024,4,19-21,76.3,yes,college,2352
767,2024,4,16-18,77.9,yes,college,2292
768,2024,4,16-18,87.6,yes,college,2270
769,2024,4,19-21,74.7,yes,employed,2270
770,2024,4,19-21,73.9,yes,trade,2373
771,2024,4,16-18,89.7,yes,employed,2383
772,2024,4,19-21,75.2,yes,employed,2348
773,2024,4,16-18,75.2,yes,employed,2325
774,2024,4,16-18,77.7,yes,college,2361
775,2024,4,16-18,88.5,yes,college,2330
776,2024,4,19-21,83.5,yes,college,2349
777,2024,4,16-18,80.9,yes,trade,2301
778,2024,4,16-18,74,yes,employed,2268
779,2024,4,19-21,82.8,yes,college,2265
780,2024,4,19-21,72.2,yes,college,2307
781,2024,4,19-21,74.6,yes,employed,2330
782,2024,4,19-21,84.9,yes,college,2296
783,2024,4,19-21,74.3,yes,college,2261
784,2024,4,19-21,81.4,yes,trade,2267
785,2024,4,16-18,80.5,yes,trade,2309
786,2024,5,16-18,91.4,yes,college,2268
787,2024,5,16-18,74,yes,college,2362
788,2024,5,19-21,86.1,yes,college,2349
789,2024,5,16-18,82.8,yes,college,2296
790,2024,5,16-18,79.8,yes,college,2344
791,2024,5,16-18,80.7,yes,college,2308
792,2024,5,16-18,86.2,yes,trade,2289
793,2024,5,19-21,84,yes,college,2263
794,2024,5,16-18,85.9,yes,trade,2274
795,2024,5,16-18,86.1,yes,college,2315
796,2024,5,16-18,76.5,yes,college,2260
797,2024,5,16-18,89.5,yes,college,2258
798,2024,5,16-18,85.6,yes,employed,2282
799,2024,5,19-21,89.7,yes,college,2287
800,2024,5,16-18,73.4,yes,trade,2273
801,2024,5,16-18,90.1,yes,trade,2342
802,2024,5,16-18,75.1,yes,college,2393
803,2024,5,16-18,83.6,yes,trade,2326
804,2024,5,16-18,77,yes,trade,2327
805,2024,5,19-21,74.2,yes,employed,2358
806,2024,5,19-21,90,yes,college,2390
807,2024,5,19-21,85.4,yes,employed,2328
808,2024,5,16-18,86.5,yes,college,2246
809,2024,5,19-21,77.4,yes,college,2386
810,2024,5,16-18,88.2,yes,college,2392
811,2024,5,19-21,72.3,yes,employed,2357
812,2024,5,16-18,87.5,yes,trade,2372
813,2024,5,16-18,81.1,yes,employed,2357
814,2024,5,16-18,78,yes,college,2331
815,2024,5,19-21,82.9,yes,college,2256